county,precinct,hd,dem_name,pres_harris,pres_trump,pres_dem2p,pres_margin,house_dem,house_rep,house_dem2p,house_margin,delta,has_metric,note,sd,sen_dem_name,sen_dem,sen_rep,sen_dem2p,sen_margin,sen_delta,sen_note,undervote
Washington,301,31,Gutierrez,679.0,974.0,41.08,-8.92,516.0,1040.0,33.16,-16.84,-7.91,True,,,,,,,,,,5.9
Washington,302,35,Chaichi,1484.0,943.0,61.15,11.15,1443.0,895.0,61.72,11.72,0.57,True,,18,Campos,1418,948,59.93,19.86,-1.22,,3.7
Washington,303,36,Pham,116.0,209.0,35.69,-14.31,99.0,208.0,32.25,-17.75,-3.44,True,,18,Campos,104,205,33.66,-32.68,-2.03,,5.5
Washington,304,36,Pham,627.0,411.0,60.4,10.4,596.0,414.0,59.01,9.01,-1.39,True,,18,Campos,560,449,55.5,11.0,-4.9,,2.7
Washington,305,31,Gutierrez,380.0,527.0,41.9,-8.1,286.0,559.0,33.85,-16.15,-8.05,True,,,,,,,,,,6.8
Washington,306,34,Reynolds,433.0,115.0,79.01,29.01,429.0,122.0,77.86,27.86,-1.16,True,,,,,,,,,,-0.5
Washington,307,,,2577.0,1710.0,60.11,10.11,,,,,,False,unopposed/no contested House race (HD 29 or 30),,,,,,,,,
Washington,308,,,73.0,67.0,52.14,2.14,,,,,,False,unopposed/no contested House race (HD 29 or 30),,,,,,,,,
Washington,309,,,2639.0,1440.0,64.7,14.7,,,,,,False,unopposed/no contested House race (HD 29 or 30),,,,,,,,,
Washington,310,,,278.0,307.0,47.52,-2.48,,,,,,False,unopposed/no contested House race (HD 29 or 30),,,,,,,,,
Washington,311,31,Gutierrez,291.0,359.0,44.77,-5.23,248.0,366.0,40.39,-9.61,-4.38,True,,,,,,,,,,5.5
Washington,312,31,Gutierrez,670.0,959.0,41.13,-8.87,537.0,996.0,35.03,-14.97,-6.1,True,,,,,,,,,,5.9
Washington,313,,,2.0,1.0,66.67,16.67,,,,,,False,unopposed/no contested House race (HD 29 or 30),,,,,,,,,
Washington,314,,,105.0,190.0,35.59,-14.41,,,,,,False,unopposed/no contested House race (HD 29 or 30),,,,,,,,,
Washington,315,,,232.0,228.0,50.43,0.43,,,,,,False,unopposed/no contested House race (HD 29 or 30),,,,,,,,,
Washington,316,31,Gutierrez,704.0,933.0,43.01,-6.99,520.0,1016.0,33.85,-16.15,-9.15,True,,,,,,,,,,6.2
Washington,317,,,1.0,83.0,1.19,-48.81,,,,,,False,unopposed/no contested House race (HD 29 or 30),,,,,,,,,
Washington,318,36,Pham,2324.0,1250.0,65.03,15.03,2214.0,1259.0,63.75,13.75,-1.28,True,,18,Campos,2156,1343,61.62,23.24,-3.41,,2.8
Washington,319,35,Chaichi,3335.0,1627.0,67.21,17.21,3143.0,1599.0,66.28,16.28,-0.93,True,,18,Campos,3094,1710,64.4,28.8,-2.81,,4.4
Washington,320,36,Pham,1121.0,549.0,67.13,17.13,1083.0,557.0,66.04,16.04,-1.09,True,,18,Campos,1046,598,63.63,27.26,-3.5,,1.8
Washington,321,31,Gutierrez,111.0,190.0,36.88,-13.12,95.0,193.0,32.99,-17.01,-3.89,True,,,,,,,,,,4.3
Washington,322,36,Pham,122.0,134.0,47.66,-2.34,121.0,127.0,48.79,-1.21,1.13,True,,18,Campos,113,138,45.02,-9.96,-2.64,,3.1
Washington,323,,,,,,,,,,,,False,no presidential data,,,,,,,,,
Washington,324,31,Gutierrez,208.0,295.0,41.35,-8.65,166.0,282.0,37.05,-12.95,-4.3,True,,,,,,,,,,10.9
Washington,325,34,Reynolds,114.0,36.0,76.0,26.0,103.0,36.0,74.1,24.1,-1.9,True,,,,,,,,,,7.3
Washington,326,31,Gutierrez,661.0,1147.0,36.56,-13.44,522.0,1189.0,30.51,-19.49,-6.05,True,,,,,,,,,,5.4
Washington,327,36,Pham,3427.0,1624.0,67.85,17.85,3260.0,1605.0,67.01,17.01,-0.84,True,,18,Campos,3124,1757,64.0,28.0,-3.85,,3.7
Washington,328,,,398.0,487.0,44.97,-5.03,,,,,,False,unopposed/no contested House race (HD 29 or 30),,,,,,,,,
Washington,329,,,5222.0,2087.0,71.45,21.45,,,,,,False,unopposed/no contested House race (HD 29 or 30),,,,,,,,,
Washington,330,31,Gutierrez,1071.0,976.0,52.32,2.32,848.0,1025.0,45.27,-4.73,-7.05,True,,,,,,,,,,8.5
Washington,331,34,Reynolds,1678.0,608.0,73.4,23.4,1597.0,602.0,72.62,22.62,-0.78,True,,,,,,,,,,3.8
Washington,332,,,1846.0,576.0,76.22,26.22,,,,,,False,unopposed/no contested House race (HD 29 or 30),,,,,,,,,
Washington,333,,,2646.0,816.0,76.43,26.43,,,,,,False,unopposed/no contested House race (HD 29 or 30),,,,,,,,,
Washington,334,31,Gutierrez,53.0,80.0,39.85,-10.15,42.0,80.0,34.43,-15.57,-5.42,True,,,,,,,,,,8.3
Washington,335,,,2504.0,1516.0,62.29,12.29,,,,,,False,unopposed/no contested House race (HD 29 or 30),,,,,,,,,
Washington,336,,,1714.0,1066.0,61.65,11.65,,,,,,False,unopposed/no contested House race (HD 29 or 30),,,,,,,,,
Washington,337,,,647.0,375.0,63.31,13.31,,,,,,False,unopposed/no contested House race (HD 29 or 30),,,,,,,,,
Washington,338,,,2854.0,2104.0,57.56,7.56,,,,,,False,unopposed/no contested House race (HD 29 or 30),,,,,,,,,
Washington,339,,,2654.0,1963.0,57.48,7.48,,,,,,False,unopposed/no contested House race (HD 29 or 30),,,,,,,,,
Washington,340,,,3797.0,2835.0,57.25,7.25,,,,,,False,unopposed/no contested House race (HD 29 or 30),,,,,,,,,
Washington,341,,,131.0,163.0,44.56,-5.44,,,,,,False,unopposed/no contested House race (HD 29 or 30),,,,,,,,,
Washington,342,,,28.0,33.0,45.9,-4.1,,,,,,False,unopposed/no contested House race (HD 29 or 30),,,,,,,,,
Washington,343,,,1531.0,938.0,62.01,12.01,,,,,,False,unopposed/no contested House race (HD 29 or 30),,,,,,,,,
Washington,344,,,1767.0,877.0,66.83,16.83,,,,,,False,unopposed/no contested House race (HD 29 or 30),,,,,,,,,
Washington,345,,,14.0,13.0,51.85,1.85,,,,,,False,unopposed/no contested House race (HD 29 or 30),,,,,,,,,
Washington,346,,,125.0,141.0,46.99,-3.01,,,,,,False,unopposed/no contested House race (HD 29 or 30),,,,,,,,,
Washington,347,,,25.0,30.0,45.45,-4.55,,,,,,False,unopposed/no contested House race (HD 29 or 30),,,,,,,,,
Washington,348,37,Walters,16.0,8.0,66.67,16.67,13.0,11.0,54.17,,,False,too few votes for a reliable comparison (House n=24.0),,,,,,,,,0.0
Washington,349,27,Helm,408.0,150.0,73.12,23.12,388.0,141.0,73.35,23.35,0.23,True,,,,,,,,,,5.2
Washington,350,27,Helm,4548.0,1520.0,74.95,24.95,4303.0,1501.0,74.14,24.14,-0.81,True,,,,,,,,,,4.4
Washington,351,35,Chaichi,2062.0,953.0,68.39,18.39,1963.0,884.0,68.95,18.95,0.56,True,,18,Campos,1924,964,66.62,33.24,-1.77,,5.6
Washington,352,35,Chaichi,869.0,208.0,80.69,30.69,847.0,188.0,81.84,31.84,1.15,True,,18,Campos,848,207,80.38,60.76,-0.31,,3.9
Washington,353,27,Helm,1705.0,424.0,80.08,30.08,1581.0,456.0,77.61,27.61,-2.47,True,,,,,,,,,,4.3
Washington,354,27,Helm,1286.0,464.0,73.49,23.49,1217.0,454.0,72.83,22.83,-0.66,True,,,,,,,,,,4.5
Washington,355,35,Chaichi,992.0,309.0,76.25,26.25,916.0,338.0,73.05,23.05,-3.2,True,,18,Campos,895,376,70.42,40.84,-5.83,,3.6
Washington,356,35,Chaichi,1045.0,530.0,66.35,16.35,984.0,536.0,64.74,14.74,-1.61,True,,18,Campos,953,579,62.21,24.42,-4.14,,3.5
Washington,357,35,Chaichi,531.0,256.0,67.47,17.47,485.0,234.0,67.45,17.45,-0.02,True,,18,Campos,487,237,67.27,34.54,-0.2,,8.6
Washington,358,34,Reynolds,1756.0,672.0,72.32,22.32,1644.0,685.0,70.59,20.59,-1.73,True,,,,,,,,,,4.1
Washington,359,35,Chaichi,1663.0,551.0,75.11,25.11,1538.0,560.0,73.31,23.31,-1.81,True,,18,Campos,1502,634,70.32,40.64,-4.79,,5.2
Washington,360,35,Chaichi,1979.0,720.0,73.32,23.32,1903.0,710.0,72.83,22.83,-0.5,True,,18,Campos,1838,805,69.54,39.08,-3.78,,3.2
Washington,361,35,Chaichi,1558.0,412.0,79.09,29.09,1499.0,390.0,79.35,29.35,0.27,True,,18,Campos,1456,446,76.55,53.1,-2.54,,4.1
Washington,362,27,Helm,4471.0,1537.0,74.42,24.42,4210.0,1609.0,72.35,22.35,-2.07,True,,,,,,,,,,3.1
Washington,363,34,Reynolds,2097.0,698.0,75.03,25.03,1977.0,709.0,73.6,23.6,-1.42,True,,,,,,,,,,3.9
Washington,364,34,Reynolds,3215.0,997.0,76.33,26.33,2948.0,1142.0,72.08,22.08,-4.25,True,,,,,,,,,,2.9
Washington,365,27,Helm,3510.0,915.0,79.32,29.32,3220.0,1045.0,75.5,25.5,-3.82,True,,,,,,,,,,3.6
Washington,366,33,Jones-Isadore,1268.0,287.0,81.54,31.54,1146.0,319.0,78.23,28.23,-3.32,True,,,,,,,,,,5.8
Washington,367,34,Reynolds,3030.0,1024.0,74.74,24.74,2821.0,1099.0,71.96,21.96,-2.78,True,,,,,,,,,,3.3
Washington,368,34,Reynolds,2639.0,980.0,72.92,22.92,2457.0,1016.0,70.75,20.75,-2.17,True,,,,,,,,,,4.0
Washington,369,,,1074.0,496.0,68.41,18.41,,,,,,False,unopposed/no contested House race (HD 29 or 30),,,,,,,,,
Washington,370,,,1392.0,613.0,69.43,19.43,,,,,,False,unopposed/no contested House race (HD 29 or 30),,,,,,,,,
Washington,371,34,Reynolds,1461.0,475.0,75.46,25.46,1351.0,536.0,71.6,21.6,-3.87,True,,,,,,,,,,2.5
Washington,372,27,Helm,1275.0,356.0,78.17,28.17,1186.0,391.0,75.21,25.21,-2.97,True,,,,,,,,,,3.3
Washington,373,,,177.0,132.0,57.28,7.28,,,,,,False,unopposed/no contested House race (HD 29 or 30),,,,,,,,,
Washington,374,,,5.0,4.0,55.56,5.56,,,,,,False,unopposed/no contested House race (HD 29 or 30),,,,,,,,,
Washington,375,27,Helm,206.0,52.0,79.84,29.84,194.0,60.0,76.38,26.38,-3.47,True,,,,,,,,,,1.6
Washington,376,34,Reynolds,1199.0,492.0,70.9,20.9,1115.0,508.0,68.7,18.7,-2.2,True,,,,,,,,,,4.0
Washington,377,34,Reynolds,1558.0,595.0,72.36,22.36,1439.0,637.0,69.32,19.32,-3.05,True,,,,,,,,,,3.6
Washington,378,28,Grayber,743.0,176.0,80.85,30.85,679.0,169.0,80.07,30.07,-0.78,True,,,,,,,,,,7.7
Washington,379,27,Helm,2705.0,975.0,73.51,23.51,2587.0,950.0,73.14,23.14,-0.36,True,,,,,,,,,,3.9
Washington,380,27,Helm,2083.0,815.0,71.88,21.88,1950.0,855.0,69.52,19.52,-2.36,True,,,,,,,,,,3.2
Washington,381,34,Reynolds,333.0,120.0,73.51,23.51,331.0,110.0,75.06,25.06,1.55,True,,,,,,,,,,2.6
Washington,382,35,Chaichi,2394.0,1313.0,64.58,14.58,2287.0,1266.0,64.37,14.37,-0.21,True,,18,Campos,2237,1356,62.26,24.52,-2.32,,4.2
Washington,383,27,Helm,1178.0,318.0,78.74,28.74,1101.0,330.0,76.94,26.94,-1.8,True,,,,,,,,,,4.3
Washington,384,28,Grayber,3478.0,830.0,80.73,30.73,3302.0,847.0,79.59,29.59,-1.15,True,,,,,,,,,,3.7
Washington,385,27,Helm,562.0,158.0,78.06,28.06,493.0,192.0,71.97,21.97,-6.08,True,,,,,,,,,,4.9
Washington,386,28,Grayber,1495.0,366.0,80.33,30.33,1367.0,392.0,77.71,27.71,-2.62,True,,,,,,,,,,5.5
Washington,387,34,Reynolds,12.0,9.0,57.14,7.14,11.0,10.0,52.38,,,False,too few votes for a reliable comparison (House n=21.0),,,,,,,,,0.0
Washington,388,28,Grayber,181.0,61.0,74.79,24.79,175.0,61.0,74.15,24.15,-0.64,True,,,,,,,,,,2.5
Washington,389,36,Pham,5246.0,2026.0,72.14,22.14,4818.0,2177.0,68.88,18.88,-3.26,True,,18,Campos,4584,2441,65.25,30.5,-6.89,,3.8
Washington,390,34,Reynolds,1432.0,584.0,71.03,21.03,1307.0,614.0,68.04,18.04,-2.99,True,,,,,,,,,,4.7
Washington,391,28,Grayber,327.0,69.0,82.58,32.58,316.0,63.0,83.38,33.38,0.8,True,,,,,,,,,,4.3
Washington,392,28,Grayber,86.0,19.0,81.9,31.9,77.0,16.0,82.8,32.8,0.89,True,,,,,,,,,,11.4
Washington,393,28,Grayber,503.0,97.0,83.83,33.83,488.0,98.0,83.28,33.28,-0.56,True,,,,,,,,,,2.3
Washington,394,37,Walters,164.0,67.0,71.0,21.0,145.0,77.0,65.32,15.32,-5.68,True,,,,,,,,,,3.9
Washington,395,25,Bowman,3714.0,1433.0,72.16,22.16,3510.0,1471.0,70.47,20.47,-1.69,True,,,,,,,,,,3.2
Washington,396,37,Walters,558.0,228.0,70.99,20.99,510.0,261.0,66.15,16.15,-4.84,True,,,,,,,,,,1.9
Washington,397,26,Neron,1773.0,1023.0,63.41,13.41,1599.0,1190.0,57.33,7.33,-6.08,True,,,,,,,,,,0.3
Washington,398,36,Pham,1032.0,618.0,62.55,12.55,959.0,685.0,58.33,8.33,-4.21,True,,18,Campos,896,748,54.5,9.0,-8.05,,0.4
Washington,399,25,Bowman,1526.0,605.0,71.61,21.61,1429.0,604.0,70.29,20.29,-1.32,True,,,,,,,,,,4.6
Washington,400,25,Bowman,2400.0,954.0,71.56,21.56,2330.0,948.0,71.08,21.08,-0.48,True,,,,,,,,,,2.3
Washington,401,28,Grayber,1449.0,345.0,80.77,30.77,1378.0,361.0,79.24,29.24,-1.53,True,,,,,,,,,,3.1
Washington,402,25,Bowman,3973.0,2125.0,65.15,15.15,3756.0,2241.0,62.63,12.63,-2.52,True,,,,,,,,,,1.7
Washington,403,34,Reynolds,904.0,395.0,69.59,19.59,830.0,411.0,66.88,16.88,-2.71,True,,,,,,,,,,4.5
Washington,404,25,Bowman,3926.0,1688.0,69.93,19.93,3802.0,1704.0,69.05,19.05,-0.88,True,,,,,,,,,,1.9
Washington,405,25,Bowman,5037.0,2175.0,69.84,19.84,4707.0,2305.0,67.13,17.13,-2.71,True,,,,,,,,,,2.8
Washington,406,27,Helm,1575.0,351.0,81.78,31.78,1488.0,373.0,79.96,29.96,-1.82,True,,,,,,,,,,3.4
Washington,407,33,Jones-Isadore,637.0,191.0,76.93,26.93,531.0,236.0,69.23,19.23,-7.7,True,,,,,,,,,,7.4
Washington,408,27,Helm,235.0,66.0,78.07,28.07,212.0,79.0,72.85,22.85,-5.22,True,,,,,,,,,,3.3
Washington,409,25,Bowman,3006.0,1300.0,69.81,19.81,2859.0,1319.0,68.43,18.43,-1.38,True,,,,,,,,,,3.0
Washington,410,25,Bowman,810.0,433.0,65.16,15.16,790.0,420.0,65.29,15.29,0.12,True,,,,,,,,,,2.7
Washington,411,26,Neron,866.0,359.0,70.69,20.69,807.0,395.0,67.14,17.14,-3.56,True,,,,,,,,,,1.9
Washington,412,36,Pham,1102.0,556.0,66.47,16.47,1014.0,597.0,62.94,12.94,-3.52,True,,18,Campos,952,658,59.13,18.26,-7.34,,2.8
Washington,413,26,Neron,949.0,427.0,68.97,18.97,869.0,495.0,63.71,13.71,-5.26,True,,,,,,,,,,0.9
Washington,414,25,Bowman,331.0,177.0,65.16,15.16,309.0,173.0,64.11,14.11,-1.05,True,,,,,,,,,,5.1
Washington,415,26,Neron,544.0,265.0,67.24,17.24,505.0,288.0,63.68,13.68,-3.56,True,,,,,,,,,,2.0
Washington,416,36,Pham,564.0,239.0,70.24,20.24,534.0,237.0,69.26,19.26,-0.98,True,,18,Campos,497,276,64.29,28.58,-5.95,,4.0
Washington,417,25,Bowman,252.0,135.0,65.12,15.12,240.0,132.0,64.52,14.52,-0.6,True,,,,,,,,,,3.9
Washington,418,36,Pham,1990.0,868.0,69.63,19.63,1847.0,970.0,65.57,15.57,-4.06,True,,18,Campos,1745,1075,61.88,23.76,-7.75,,1.4
Washington,419,26,Neron,1194.0,534.0,69.1,19.1,1062.0,607.0,63.63,13.63,-5.47,True,,,,,,,,,,3.4
Washington,420,37,Walters,1998.0,1058.0,65.38,15.38,1880.0,1162.0,61.8,11.8,-3.58,True,,,,,,,,,,0.5
Washington,421,25,Bowman,322.0,132.0,70.93,20.93,308.0,143.0,68.29,18.29,-2.63,True,,,,,,,,,,0.7
Washington,422,,,3.0,14.0,17.65,-32.35,,,,,,False,unopposed/no contested House race (HD 29 or 30),,,,,,,,,
Washington,423,37,Walters,1985.0,906.0,68.66,18.66,1898.0,959.0,66.43,16.43,-2.23,True,,,,,,,,,,1.2
Washington,424,26,Neron,2566.0,1845.0,58.17,8.17,2302.0,2059.0,52.79,2.79,-5.39,True,,,,,,,,,,1.1
Washington,425,26,Neron,293.0,364.0,44.6,-5.4,264.0,389.0,40.43,-9.57,-4.17,True,,,,,,,,,,0.6
Washington,426,36,Pham,191.0,224.0,46.02,-3.98,162.0,244.0,39.9,-10.1,-6.12,True,,18,Campos,157,254,38.2,-23.6,-7.82,,2.2
Washington,427,26,Neron,816.0,402.0,67.0,17.0,757.0,455.0,62.46,12.46,-4.54,True,,,,,,,,,,0.5
Washington,428,37,Walters,859.0,437.0,66.28,16.28,793.0,453.0,63.64,13.64,-2.64,True,,,,,,,,,,3.9
Washington,429,36,Pham,1689.0,870.0,66.0,16.0,1594.0,884.0,64.33,14.33,-1.68,True,,18,Campos,1545,949,61.95,23.9,-4.05,,3.2
Washington,430,36,Pham,1039.0,1143.0,47.62,-2.38,941.0,1197.0,44.01,-5.99,-3.6,True,,18,Campos,885,1243,41.59,-16.82,-6.03,,2.0
Washington,431,36,Pham,331.0,400.0,45.28,-4.72,289.0,440.0,39.64,-10.36,-5.64,True,,18,Campos,263,474,35.69,-28.62,-9.59,,0.3
Washington,432,26,Neron,194.0,97.0,66.67,16.67,192.0,97.0,66.44,16.44,-0.23,True,,,,,,,,,,0.7
Washington,433,37,Walters,1312.0,761.0,63.29,13.29,1215.0,816.0,59.82,9.82,-3.47,True,,,,,,,,,,2.0
Washington,434,36,Pham,2835.0,1372.0,67.39,17.39,2666.0,1425.0,65.17,15.17,-2.22,True,,18,Campos,2592,1510,63.19,26.38,-4.2,,2.8
Washington,435,26,Neron,2393.0,1519.0,61.17,11.17,2195.0,1692.0,56.47,6.47,-4.7,True,,,,,,,,,,0.6
Washington,436,37,Walters,1302.0,824.0,61.24,11.24,1164.0,912.0,56.07,6.07,-5.17,True,,,,,,,,,,2.4
Washington,437,37,Walters,40.0,17.0,70.18,20.18,36.0,23.0,61.02,11.02,-9.16,True,,,,,,,,,,-3.5
Washington,438,37,Walters,186.0,292.0,38.91,-11.09,172.0,296.0,36.75,-13.25,-2.16,True,,,,,,,,,,2.1
Washington,439,34,Reynolds,1667.0,592.0,73.79,23.79,1600.0,598.0,72.79,22.79,-1.0,True,,,,,,,,,,2.7
Washington,440,36,Pham,928.0,455.0,67.1,17.1,889.0,447.0,66.54,16.54,-0.56,True,,18,Campos,868,474,64.68,29.36,-2.42,,3.4
Washington,441,25,Bowman,52.0,12.0,81.25,31.25,56.0,13.0,81.16,31.16,-0.09,True,,,,,,,,,,-7.8
Washington,442,26,Neron,1513.0,1042.0,59.22,9.22,1376.0,1167.0,54.11,4.11,-5.11,True,,,,,,,,,,0.5
Washington,443,31,Gutierrez,0.0,11.0,0.0,-50.0,1.0,0.0,100.0,,,False,trivial (1 vote),,,,,,,,,90.9
Multnomah,2801,28,Grayber,6032,592,91.06,41.06,5739,674,89.49,39.49,-1.57,True,,,,,,,,,,3.2
Multnomah,2802,28,Grayber,839,151,84.75,34.75,771,193,79.98,29.98,-4.77,True,,,,,,,,,,2.6
Multnomah,2803,28,Grayber,2112,180,92.15,42.15,2085,177,92.18,42.18,0.03,True,,,,,,,,,,1.3
Multnomah,2804,28,Grayber,5378,687,88.67,38.67,5053,804,86.27,36.27,-2.4,True,,,,,,,,,,3.4
Multnomah,2805,28,Grayber,6549,898,87.94,37.94,6218,942,86.84,36.84,-1.1,True,,,,,,,,,,3.9
Multnomah,2806,28,Grayber,6749,747,90.03,40.03,6540,778,89.37,39.37,-0.66,True,,,,,,,,,,2.4
Multnomah,3101,31,Gutierrez,1208,570,67.94,17.94,936,675,58.1,8.1,-9.84,True,,,,,,,,,,9.4
Multnomah,3301,33,Jones-Isadore,835,217,79.37,29.37,729,265,73.34,23.34,-6.03,True,,,,,,,,,,5.5
Multnomah,3302,33,Jones-Isadore,6061,521,92.08,42.08,5476,688,88.84,38.84,-3.24,True,,,,,,,,,,6.4
Multnomah,3303,33,Jones-Isadore,5414,578,90.35,40.35,5028,576,89.72,39.72,-0.63,True,,,,,,,,,,6.5
Multnomah,3304,33,Jones-Isadore,6291,802,88.69,38.69,5556,1005,84.68,34.68,-4.01,True,,,,,,,,,,7.5
Multnomah,3305,33,Jones-Isadore,25,7,78.12,28.12,22,9,70.97,,,False,too few votes for a reliable comparison (House n=31),,,,,,,,,3.1
Multnomah,3306,33,Jones-Isadore,4704,497,90.44,40.44,4277,548,88.64,38.64,-1.8,True,,,,,,,,,,7.2
Multnomah,3307,33,Jones-Isadore,4217,360,92.13,42.13,3842,442,89.68,39.68,-2.45,True,,,,,,,,,,6.4
Multnomah,3308,33,Jones-Isadore,2638,300,89.79,39.79,2525,312,89.0,39.0,-0.79,True,,,,,,,,,,3.4
Multnomah,3401,34,Reynolds,557,86,86.63,36.63,515,102,83.47,33.47,-3.16,True,,,,,,,,,,4.0
Multnomah,3402,34,Reynolds,113,21,84.33,34.33,97,36,72.93,22.93,-11.4,True,,,,,,,,,,0.7
Multnomah,3801,38,D. Nguyen (unopp.),788,212,78.8,28.8,,,,,,False,unopposed Democrat (no two-party House race),,,,,,,,,
Multnomah,3802,38,D. Nguyen (unopp.),1397,365,79.28,29.28,,,,,,False,unopposed Democrat (no two-party House race),,,,,,,,,
Multnomah,3803,38,D. Nguyen (unopp.),6325,863,87.99,37.99,,,,,,False,unopposed Democrat (no two-party House race),,,,,,,,,
Multnomah,3804,38,D. Nguyen (unopp.),2431,456,84.21,34.21,,,,,,False,unopposed Democrat (no two-party House race),,,,,,,,,
Multnomah,3805,38,D. Nguyen (unopp.),5212,686,88.37,38.37,,,,,,False,unopposed Democrat (no two-party House race),,,,,,,,,
Multnomah,3806,38,D. Nguyen (unopp.),112,10,91.8,41.8,,,,,,False,unopposed Democrat (no two-party House race),,,,,,,,,
Multnomah,4101,41,Gamba,2494,225,91.72,41.72,2308,317,87.92,37.92,-3.8,True,,,,,,,,,,3.5
Multnomah,4102,41,Gamba,2524,249,91.02,41.02,2408,293,89.15,39.15,-1.87,True,,,,,,,,,,2.6
Multnomah,4103,41,Gamba,3052,303,90.97,40.97,2787,414,87.07,37.07,-3.9,True,,,,,,,,,,4.6
Multnomah,4104,41,Gamba,4361,471,90.25,40.25,4238,507,89.32,39.32,-0.93,True,,,,,,,,,,1.8
Multnomah,4105,41,Gamba,5715,450,92.7,42.7,5383,574,90.36,40.36,-2.34,True,,,,,,,,,,3.4
Multnomah,4201,42,Nosse (unopp.),4500,254,94.66,44.66,,,,,,False,unopposed Democrat (no two-party House race),,,,,,,,,
Multnomah,4202,42,Nosse (unopp.),6888,318,95.59,45.59,,,,,,False,unopposed Democrat (no two-party House race),,,,,,,,,
Multnomah,4203,42,Nosse (unopp.),5947,431,93.24,43.24,,,,,,False,unopposed Democrat (no two-party House race),,,,,,,,,
Multnomah,4204,42,Nosse (unopp.),5956,332,94.72,44.72,,,,,,False,unopposed Democrat (no two-party House race),,,,,,,,,
Multnomah,4205,42,Nosse (unopp.),5908,303,95.12,45.12,,,,,,False,unopposed Democrat (no two-party House race),,,,,,,,,
Multnomah,4206,42,Nosse (unopp.),4426,298,93.69,43.69,,,,,,False,unopposed Democrat (no two-party House race),,,,,,,,,
Multnomah,4207,42,Nosse (unopp.),2934,190,93.92,43.92,,,,,,False,unopposed Democrat (no two-party House race),,,,,,,,,
Multnomah,4208,42,Nosse (unopp.),2778,198,93.35,43.35,,,,,,False,unopposed Democrat (no two-party House race),,,,,,,,,
Multnomah,4301,43,Sanchez,3399,176,95.08,45.08,3296,257,92.77,42.77,-2.31,True,,22,Frederick,3313,243,93.17,86.34,-1.91,,0.6
Multnomah,4302,43,Sanchez,4745,240,95.19,45.19,4617,327,93.39,43.39,-1.8,True,,22,Frederick,4593,312,93.64,87.28,-1.55,,0.8
Multnomah,4303,43,Sanchez,6205,264,95.92,45.92,6066,387,94.0,44.0,-1.92,True,,22,Frederick,6085,344,94.65,89.3,-1.27,,0.2
Multnomah,4304,43,Sanchez,5807,275,95.48,45.48,5595,420,93.02,43.02,-2.46,True,,22,Frederick,5632,376,93.74,87.48,-1.74,,1.1
Multnomah,4305,43,Sanchez,6262,313,95.24,45.24,6005,492,92.43,42.43,-2.81,True,,22,Frederick,6013,450,93.04,86.08,-2.2,,1.2
Multnomah,4306,43,Sanchez,6063,342,94.66,44.66,5591,615,90.09,40.09,-4.57,True,,22,Frederick,5686,515,91.69,83.38,-2.97,,3.1
Multnomah,4307,43,Sanchez,6156,454,93.13,43.13,5914,580,91.07,41.07,-2.06,True,,22,Frederick,5960,565,91.34,82.68,-1.79,,1.8
Multnomah,4401,44,Nelson (unopp.),3581,444,88.97,38.97,,,,,,False,unopposed Democrat (no two-party House race),22,Frederick,3464,541,86.49,72.98,-2.48,,
Multnomah,4402,44,Nelson (unopp.),4714,637,88.1,38.1,,,,,,False,unopposed Democrat (no two-party House race),22,Frederick,4567,662,87.34,74.68,-0.76,,
Multnomah,4403,44,Nelson (unopp.),5747,670,89.56,39.56,,,,,,False,unopposed Democrat (no two-party House race),22,Frederick,5505,756,87.93,75.86,-1.63,,
Multnomah,4404,44,Nelson (unopp.),5681,460,92.51,42.51,,,,,,False,unopposed Democrat (no two-party House race),22,Frederick,5416,555,90.71,81.42,-1.8,,
Multnomah,4405,44,Nelson (unopp.),6556,423,93.94,43.94,,,,,,False,unopposed Democrat (no two-party House race),22,Frederick,6441,518,92.56,85.12,-1.38,,
Multnomah,4406,44,Nelson (unopp.),4404,939,82.43,32.43,,,,,,False,unopposed Democrat (no two-party House race),22,Frederick,4166,991,80.78,61.56,-1.65,,
Multnomah,4407,44,Nelson (unopp.),18,10,64.29,14.29,,,,,,False,unopposed Democrat (no two-party House race),22,Frederick,18,10,,,,too few votes for a reliable comparison (Senate n=28),
Multnomah,4501,45,Tran (unopp.),7514,578,92.86,42.86,,,,,,False,unopposed Democrat (no two-party House race),,,,,,,,,
Multnomah,4502,45,Tran (unopp.),6705,624,91.49,41.49,,,,,,False,unopposed Democrat (no two-party House race),,,,,,,,,
Multnomah,4503,45,Tran (unopp.),5763,970,85.59,35.59,,,,,,False,unopposed Democrat (no two-party House race),,,,,,,,,
Multnomah,4504,45,Tran (unopp.),418,84,83.27,33.27,,,,,,False,unopposed Democrat (no two-party House race),,,,,,,,,
Multnomah,4505,45,Tran (unopp.),1902,211,90.01,40.01,,,,,,False,unopposed Democrat (no two-party House race),,,,,,,,,
Multnomah,4506,45,Tran (unopp.),6085,767,88.81,38.81,,,,,,False,unopposed Democrat (no two-party House race),,,,,,,,,
Multnomah,4507,45,Tran (unopp.),214,67,76.16,26.16,,,,,,False,unopposed Democrat (no two-party House race),,,,,,,,,
Multnomah,4508,45,Tran (unopp.),3840,1367,73.75,23.75,,,,,,False,unopposed Democrat (no two-party House race),,,,,,,,,
Multnomah,4509,45,Tran (unopp.),570,224,71.79,21.79,,,,,,False,unopposed Democrat (no two-party House race),,,,,,,,,
Multnomah,4601,46,Chotzen,5512,568,90.66,40.66,5073,507,90.91,40.91,0.25,True,,,,,,,,,,8.2
Multnomah,4602,46,Chotzen,4877,583,89.32,39.32,4559,482,90.44,40.44,1.12,True,,,,,,,,,,7.7
Multnomah,4603,46,Chotzen,3305,490,87.09,37.09,3122,397,88.72,38.72,1.63,True,,,,,,,,,,7.3
Multnomah,4604,46,Chotzen,4747,973,82.99,32.99,4468,787,85.02,35.02,2.03,True,,,,,,,,,,8.1
Multnomah,4605,46,Chotzen,3353,986,77.28,27.28,3087,804,79.34,29.34,2.06,True,,,,,,,,,,10.3
Multnomah,4606,46,Chotzen,3282,1041,75.92,25.92,3035,835,78.42,28.42,2.5,True,,,,,,,,,,10.5
Multnomah,4607,46,Chotzen,2386,731,76.55,26.55,2179,585,78.84,28.84,2.29,True,,,,,,,,,,11.3
Multnomah,4608,46,Chotzen,24,14,63.16,13.16,19,17,52.78,,,False,too few votes for a reliable comparison (House n=36),,,,,,,,,5.3
Multnomah,4701,47,Valderrama (unopp.),28,32,46.67,-3.33,,,,,,False,unopposed Democrat (no two-party House race),,,,,,,,,
Multnomah,4702,47,Valderrama (unopp.),1355,425,76.12,26.12,,,,,,False,unopposed Democrat (no two-party House race),,,,,,,,,
Multnomah,4703,47,Valderrama (unopp.),2822,1312,68.26,18.26,,,,,,False,unopposed Democrat (no two-party House race),,,,,,,,,
Multnomah,4704,47,Valderrama (unopp.),1814,1164,60.91,10.91,,,,,,False,unopposed Democrat (no two-party House race),,,,,,,,,
Multnomah,4705,47,Valderrama (unopp.),2072,812,71.84,21.84,,,,,,False,unopposed Democrat (no two-party House race),,,,,,,,,
Multnomah,4706,47,Valderrama (unopp.),1846,716,72.05,22.05,,,,,,False,unopposed Democrat (no two-party House race),,,,,,,,,
Multnomah,4707,47,Valderrama (unopp.),3405,1090,75.75,25.75,,,,,,False,unopposed Democrat (no two-party House race),,,,,,,,,
Multnomah,4708,47,Valderrama (unopp.),3081,1432,68.27,18.27,,,,,,False,unopposed Democrat (no two-party House race),,,,,,,,,
Multnomah,4709,47,Valderrama (unopp.),596,269,68.9,18.9,,,,,,False,unopposed Democrat (no two-party House race),,,,,,,,,
Multnomah,4710,47,Valderrama (unopp.),765,307,71.36,21.36,,,,,,False,unopposed Democrat (no two-party House race),,,,,,,,,
Multnomah,4801,48,H. Nguyen,381,166,69.65,19.65,368,162,69.43,19.43,-0.22,True,,,,,,,,,,3.1
Multnomah,4802,48,H. Nguyen,2807,1297,68.4,18.4,2717,1319,67.32,17.32,-1.08,True,,,,,,,,,,1.7
Multnomah,4803,48,H. Nguyen,1495,970,60.65,10.65,1434,937,60.48,10.48,-0.17,True,,,,,,,,,,3.8
Multnomah,4804,48,H. Nguyen,2685,1643,62.04,12.04,2573,1666,60.7,10.7,-1.34,True,,,,,,,,,,2.1
Multnomah,4805,48,H. Nguyen,117,93,55.71,5.71,100,98,50.51,0.51,-5.2,True,,,,,,,,,,5.7
Multnomah,4806,48,H. Nguyen,2935,1807,61.89,11.89,2760,1864,59.69,9.69,-2.2,True,,,,,,,,,,2.5
Multnomah,4807,48,H. Nguyen,128,155,45.23,-4.77,106,164,39.26,-10.74,-5.97,True,,,,,,,,,,4.6
Multnomah,4808,48,H. Nguyen,912,760,54.55,4.55,832,769,51.97,1.97,-2.58,True,,,,,,,,,,4.2
Multnomah,4809,48,H. Nguyen,1,7,12.5,-37.5,8,3,72.73,,,False,too few votes for a reliable comparison (House n=11),,,,,,,,,-37.5
Multnomah,4901,49,Hudson,41,28,59.42,9.42,44,33,57.14,7.14,-2.28,True,,25,Gorsek,45,32,58.44,16.88,-0.98,,-11.6
Multnomah,4902,49,Hudson,150,101,59.76,9.76,136,113,54.62,4.62,-5.14,True,,25,Gorsek,141,112,55.73,11.46,-4.03,,0.8
Multnomah,4903,49,Hudson,2433,1625,59.96,9.96,2218,1679,56.92,6.92,-3.04,True,,25,Gorsek,2283,1665,57.83,15.66,-2.13,,4.0
Multnomah,4904,49,Hudson,723,536,57.43,7.43,673,529,55.99,5.99,-1.44,True,,25,Gorsek,686,519,56.93,13.86,-0.5,,4.5
Multnomah,4905,49,Hudson,2983,2720,52.31,2.31,2759,2817,49.48,-0.52,-2.83,True,,25,Gorsek,2864,2750,51.02,2.04,-1.29,,2.2
Multnomah,4906,49,Hudson,1115,943,54.18,4.18,1031,954,51.94,1.94,-2.24,True,,25,Gorsek,1063,927,53.42,6.84,-0.76,,3.5
Multnomah,4907,49,Hudson,1976,1387,58.76,8.76,1862,1386,57.33,7.33,-1.43,True,,25,Gorsek,1898,1385,57.81,15.62,-0.95,,3.4
Multnomah,4908,49,Hudson,2943,2071,58.7,8.7,2745,2086,56.82,6.82,-1.88,True,,25,Gorsek,2792,2061,57.53,15.06,-1.17,,3.6
Multnomah,4909,49,Hudson,2264,1221,64.96,14.96,2177,1166,65.12,15.12,0.16,True,,25,Gorsek,2178,1170,65.05,30.1,0.09,,4.1
Multnomah,4910,49,Hudson,144,86,62.61,12.61,139,75,64.95,14.95,2.34,True,,25,Gorsek,139,75,64.95,29.9,2.34,,7.0
Multnomah,5001,50,Ruiz,45,45,50.0,0.0,44,46,48.89,-1.11,-1.11,True,,25,Gorsek,48,43,52.75,5.5,2.75,,0.0
Multnomah,5002,50,Ruiz,2549,1745,59.36,9.36,2507,1668,60.05,10.05,0.69,True,,25,Gorsek,2484,1676,59.71,19.42,0.35,,2.8
Multnomah,5003,50,Ruiz,196,130,60.12,10.12,199,130,60.49,10.49,0.37,True,,25,Gorsek,211,119,63.94,27.88,3.82,,-0.9
Multnomah,5004,50,Ruiz,1690,1433,54.11,4.11,1544,1472,51.19,1.19,-2.92,True,,25,Gorsek,1578,1425,52.55,5.1,-1.56,,3.4
Multnomah,5005,50,Ruiz,3012,1986,60.26,10.26,2875,2003,58.94,8.94,-1.32,True,,25,Gorsek,2873,1978,59.22,18.44,-1.04,,2.4
Multnomah,5006,50,Ruiz,2753,2115,56.55,6.55,2580,2238,53.55,3.55,-3.0,True,,25,Gorsek,2639,2183,54.73,9.46,-1.82,,1.0
Multnomah,5007,50,Ruiz,2896,2367,55.03,5.03,2814,2286,55.18,5.18,0.15,True,,25,Gorsek,2829,2270,55.48,10.96,0.45,,3.1
Multnomah,5008,50,Ruiz,2503,2513,49.9,-0.1,2382,2485,48.94,-1.06,-0.96,True,,25,Gorsek,2431,2425,50.06,0.12,0.16,,3.0
Multnomah,5009,50,Ruiz,72,118,37.89,-12.11,69,120,36.51,-13.49,-1.38,True,,25,Gorsek,71,121,36.98,-26.04,-0.91,,0.5
Multnomah,5201,52,Walden Poublon,981,1133,46.4,-3.6,820,1221,40.18,-9.82,-6.22,True,,,,,,,,,,3.5
Multnomah,5202,52,Walden Poublon,1908,2246,45.93,-4.07,1636,2373,40.81,-9.19,-5.12,True,,,,,,,,,,3.5
Clackamas,100,39,Dobson,51,30,62.96,12.96,46,27,63.01,13.01,0.05,True,,,,,,,,,,9.9
Clackamas,101,39,Dobson,3242,2466,56.8,6.8,2871,2550,52.96,2.96,-3.84,True,,,,,,,,,,5.0
Clackamas,102,48,H. Nguyen,598,681,46.76,-3.24,537,654,45.09,-4.91,-1.67,True,,,,,,,,,,6.9
Clackamas,103,39,Dobson,1535,1168,56.79,6.79,1311,1289,50.42,0.42,-6.37,True,,,,,,,,,,3.8
Clackamas,104,48,H. Nguyen,10,13,43.48,-6.52,10,12,45.45,,,False,too few votes for a reliable comparison (House n=22),,,,,,,,,4.3
Clackamas,105,39,Dobson,2231,1759,55.91,5.91,1900,1929,49.62,-0.38,-6.29,True,,,,,,,,,,4.0
Clackamas,106,51,,975,1941,33.44,-16.56,,,,,,False,no contested two-party House race,,,,,,,,,
Clackamas,107,51,,740,1079,40.68,-9.32,,,,,,False,no contested two-party House race,,,,,,,,,
Clackamas,108,51,,1815,2562,41.47,-8.53,,,,,,False,no contested two-party House race,,,,,,,,,
Clackamas,109,52,Walden Poublon,0,0,,,0,0,,,,False,,,,,,,,,,
Clackamas,111,18,Dow,1403,3245,30.19,-19.81,1194,3200,27.17,-22.83,-3.02,True,,9,Ashland,1258,3140,28.6,-42.8,-1.59,,5.5
Clackamas,112,48,H. Nguyen,0,0,,,0,0,,,,False,,,,,,,,,,
Clackamas,113,39,Dobson,38,15,71.7,21.7,26,24,52.0,2.0,-19.7,True,,,,,,,,,,5.7
Clackamas,114,39,Dobson,102,64,61.45,11.45,93,61,60.39,10.39,-1.06,True,,,,,,,,,,7.2
Clackamas,115/116,41,Gamba,194,54,78.23,28.23,163,73,69.07,19.07,-9.16,True,,,,,,,,,,4.8
Clackamas,122,51,,1498,1799,45.44,-4.56,,,,,,False,no contested two-party House race,,,,,,,,,
Clackamas,123,51,,856,1178,42.08,-7.92,,,,,,False,no contested two-party House race,,,,,,,,,
Clackamas,124,51,,1552,1863,45.45,-4.55,,,,,,False,no contested two-party House race,,,,,,,,,
Clackamas,125,51,,593,639,48.13,-1.87,,,,,,False,no contested two-party House race,,,,,,,,,
Clackamas,127,18,Dow,23,51,31.08,-18.92,19,50,27.54,-22.46,-3.54,True,,9,Ashland,21,51,29.17,-41.66,-1.91,,6.8
Clackamas,131,37,Walters,3750,2008,65.13,15.13,3429,2131,61.67,11.67,-3.46,True,,,,,,,,,,3.4
Clackamas,132,37,Walters,2812,1380,67.08,17.08,2555,1524,62.64,12.64,-4.44,True,,,,,,,,,,2.7
Clackamas,133,37,Walters,1278,494,72.12,22.12,1203,540,69.02,19.02,-3.1,True,,,,,,,,,,1.6
Clackamas,134,38,,8,0,100.0,50.0,,,,,,False,no contested two-party House race,,,,,,,,,
Clackamas,135,37,Walters,3431,1398,71.05,21.05,3154,1617,66.11,16.11,-4.94,True,,,,,,,,,,1.2
Clackamas,151,38,,1755,587,74.94,24.94,,,,,,False,no contested two-party House race,,,,,,,,,
Clackamas,152,38,,3666,1351,73.07,23.07,,,,,,False,no contested two-party House race,,,,,,,,,
Clackamas,153,37,Walters,276,135,67.15,17.15,254,151,62.72,12.72,-4.43,True,,,,,,,,,,1.5
Clackamas,154,37,Walters,64,27,70.33,20.33,55,25,68.75,18.75,-1.58,True,,,,,,,,,,12.1
Clackamas,155,38,,1928,640,75.08,25.08,,,,,,False,no contested two-party House race,,,,,,,,,
Clackamas,156,38,,3226,1026,75.87,25.87,,,,,,False,no contested two-party House race,,,,,,,,,
Clackamas,157,37,Walters,57,32,64.04,14.04,53,34,60.92,10.92,-3.12,True,,,,,,,,,,2.2
Clackamas,158,38,,3017,923,76.57,26.57,,,,,,False,no contested two-party House race,,,,,,,,,
Clackamas,159,38,,1861,667,73.62,23.62,,,,,,False,no contested two-party House race,,,,,,,,,
Clackamas,160,37,Walters,1201,419,74.14,24.14,1047,466,69.2,19.2,-4.94,True,,,,,,,,,,6.6
Clackamas,161,38,,389,125,75.68,25.68,,,,,,False,no contested two-party House race,,,,,,,,,
Clackamas,162,38,,412,194,67.99,17.99,,,,,,False,no contested two-party House race,,,,,,,,,
Clackamas,201,26,Neron,2491,1396,64.09,14.09,2262,1594,58.66,8.66,-5.43,True,,,,,,,,,,0.8
Clackamas,202,26,Neron,2851,1672,63.03,13.03,2617,1784,59.46,9.46,-3.57,True,,,,,,,,,,2.7
Clackamas,203,26,Neron,1233,883,58.27,8.27,1098,986,52.69,2.69,-5.58,True,,,,,,,,,,1.5
Clackamas,204,26,Neron,1401,975,58.96,8.96,1266,1073,54.13,4.13,-4.83,True,,,,,,,,,,1.6
Clackamas,251,37,Walters,1235,641,65.83,15.83,1076,759,58.64,8.64,-7.19,True,,,,,,,,,,2.2
Clackamas,279,37,Walters,69,32,68.32,18.32,62,38,62.0,12.0,-6.32,True,,,,,,,,,,1.0
Clackamas,280,38,,289,91,76.05,26.05,,,,,,False,no contested two-party House race,,,,,,,,,
Clackamas,281,37,Walters,790,290,73.15,23.15,705,335,67.79,17.79,-5.36,True,,,,,,,,,,3.7
Clackamas,282,38,,278,104,72.77,22.77,,,,,,False,no contested two-party House race,,,,,,,,,
Clackamas,283,38,,270,123,68.7,18.7,,,,,,False,no contested two-party House race,,,,,,,,,
Clackamas,284,37,Walters,212,63,77.09,27.09,191,72,72.62,22.62,-4.47,True,,,,,,,,,,4.4
Clackamas,285,37,Walters,8,7,53.33,3.33,8,8,50.0,,,False,too few votes for a reliable comparison (House n=16),,,,,,,,,-6.7
Clackamas,286,38,,120,45,72.73,22.73,,,,,,False,no contested two-party House race,,,,,,,,,
Clackamas,320,38,,65,24,73.03,23.03,,,,,,False,no contested two-party House race,,,,,,,,,
Clackamas,321,37,Walters,1417,1198,54.19,4.19,1205,1306,47.99,-2.01,-6.2,True,,,,,,,,,,4.0
Clackamas,322,37,Walters,510,611,45.5,-4.5,459,636,41.92,-8.08,-3.58,True,,,,,,,,,,2.3
Clackamas,323,26,Neron,732,711,50.73,0.73,629,806,43.83,-6.17,-6.9,True,,,,,,,,,,0.6
Clackamas,324,37,Walters,27,23,54.0,4.0,24,25,48.98,,,False,too few votes for a reliable comparison (House n=49),,,,,,,,,2.0
Clackamas,330,18,Dow,1020,2702,27.4,-22.6,827,2737,23.2,-26.8,-4.2,True,,9,Ashland,858,2719,23.99,-52.02,-3.41,,4.2
Clackamas,331,18,Dow,552,1167,32.11,-17.89,437,1216,26.44,-23.56,-5.67,True,,9,Ashland,438,1220,26.42,-47.16,-5.69,,3.8
Clackamas,332,26,Neron,251,313,44.5,-5.5,233,332,41.24,-8.76,-3.26,True,,,,,,,,,,-0.2
Clackamas,350,18,Dow,799,2266,26.07,-23.93,666,2246,22.87,-27.13,-3.2,True,,9,Ashland,701,2223,23.97,-52.06,-2.1,,5.0
Clackamas,355,57,,0,0,,,,,,,,False,no contested two-party House race,,,,,,,,,
Clackamas,357,18,Dow,55,87,38.73,-11.27,39,101,27.86,-22.14,-10.87,True,,9,Ashland,43,97,30.71,-38.58,-8.02,,1.4
Clackamas,358,18,Dow,119,257,31.65,-18.35,97,246,28.28,-21.72,-3.37,True,,9,Ashland,93,245,27.51,-44.98,-4.14,,8.8
Clackamas,359,51,,1030,1902,35.13,-14.87,,,,,,False,no contested two-party House race,,,,,,,,,
Clackamas,360,51,,406,741,35.4,-14.6,,,,,,False,no contested two-party House race,,,,,,,,,
Clackamas,361,18,Dow,2,9,18.18,-31.82,4,7,36.36,,,False,too few votes for a reliable comparison (House n=11),9,Ashland,4,7,,,,too few votes for a reliable comparison (Senate n=11),0.0
Clackamas,362,18,Dow,226,540,29.5,-20.5,211,521,28.83,-21.17,-0.67,True,,9,Ashland,219,516,29.8,-40.4,0.3,,4.4
Clackamas,363,51,,732,1408,34.21,-15.79,,,,,,False,no contested two-party House race,,,,,,,,,
Clackamas,364,52,Walden Poublon,92,171,34.98,-15.02,80,174,31.5,-18.5,-3.48,True,,,,,,,,,,3.4
Clackamas,371,52,Walden Poublon,92,149,38.17,-11.83,77,164,31.95,-18.05,-6.22,True,,,,,,,,,,0.0
Clackamas,372,51,,12,32,27.27,-22.73,,,,,,False,no contested two-party House race,,,,,,,,,
Clackamas,373,52,Walden Poublon,1940,1785,52.08,2.08,1742,1872,48.2,-1.8,-3.88,True,,,,,,,,,,3.0
Clackamas,374,52,Walden Poublon,0,0,,,0,0,,,,False,,,,,,,,,,
Clackamas,400,48,H. Nguyen,1628,2464,39.78,-10.22,1441,2566,35.96,-14.04,-3.82,True,,,,,,,,,,2.1
Clackamas,403,51,,580,796,42.15,-7.85,,,,,,False,no contested two-party House race,,,,,,,,,
Clackamas,404,52,Walden Poublon,1250,2483,33.49,-16.51,1046,2539,29.18,-20.82,-4.31,True,,,,,,,,,,4.0
Clackamas,405,48,H. Nguyen,833,1367,37.86,-12.14,733,1422,34.01,-15.99,-3.85,True,,,,,,,,,,2.0
Clackamas,406,52,Walden Poublon,264,674,28.14,-21.86,214,688,23.73,-26.27,-4.41,True,,,,,,,,,,3.8
Clackamas,410,39,Dobson,1930,1385,58.22,8.22,1753,1404,55.53,5.53,-2.69,True,,,,,,,,,,4.8
Clackamas,411,39,Dobson,2294,1800,56.03,6.03,2024,1866,52.03,2.03,-4.0,True,,,,,,,,,,5.0
Clackamas,412,48,H. Nguyen,912,1109,45.13,-4.87,832,1137,42.25,-7.75,-2.88,True,,,,,,,,,,2.6
Clackamas,413,39,Dobson,115,91,55.83,5.83,106,89,54.36,4.36,-1.47,True,,,,,,,,,,5.3
Clackamas,414,39,Dobson,369,353,51.11,1.11,344,347,49.78,-0.22,-1.33,True,,,,,,,,,,4.3
Clackamas,415,51,,219,212,50.81,0.81,,,,,,False,no contested two-party House race,,,,,,,,,
Clackamas,416,39,Dobson,1439,1056,57.68,7.68,1265,1080,53.94,3.94,-3.74,True,,,,,,,,,,6.0
Clackamas,417,39,Dobson,560,625,47.26,-2.74,513,630,44.88,-5.12,-2.38,True,,,,,,,,,,3.5
Clackamas,418,51,,449,623,41.88,-8.12,,,,,,False,no contested two-party House race,,,,,,,,,
Clackamas,419,39,Dobson,1189,827,58.98,8.98,1068,878,54.88,4.88,-4.1,True,,,,,,,,,,3.5
Clackamas,420,41,Gamba,1088,528,67.33,17.33,1019,499,67.13,17.13,-0.2,True,,,,,,,,,,6.1
Clackamas,421,39,Dobson,1467,860,63.04,13.04,1367,823,62.42,12.42,-0.62,True,,,,,,,,,,5.9
Clackamas,422,39,Dobson,2602,1453,64.17,14.17,2500,1426,63.68,13.68,-0.49,True,,,,,,,,,,3.2
Clackamas,500,41,Gamba,815,381,68.14,18.14,774,351,68.8,18.8,0.66,True,,,,,,,,,,5.9
Clackamas,501,41,Gamba,2847,921,75.56,25.56,2708,879,75.49,25.49,-0.07,True,,,,,,,,,,4.8
Clackamas,502,41,Gamba,2862,1275,69.18,19.18,2639,1237,68.09,18.09,-1.09,True,,,,,,,,,,6.3
Clackamas,503,40,Hartman,2248,1246,64.34,14.34,2156,1309,62.22,12.22,-2.12,True,,,,,,,,,,0.8
Clackamas,504,40,Hartman,2814,1742,61.76,11.76,2696,1710,61.19,11.19,-0.57,True,,,,,,,,,,3.3
Clackamas,506,40,Hartman,1513,1268,54.4,4.4,1452,1230,54.14,4.14,-0.26,True,,,,,,,,,,3.6
Clackamas,510,40,Hartman,430,487,46.89,-3.11,402,488,45.17,-4.83,-1.72,True,,,,,,,,,,2.9
Clackamas,511,51,,830,1344,38.18,-11.82,,,,,,False,no contested two-party House race,,,,,,,,,
Clackamas,512,51,,903,1091,45.29,-4.71,,,,,,False,no contested two-party House race,,,,,,,,,
Clackamas,513,40,Hartman,75,71,51.37,1.37,69,77,47.26,-2.74,-4.11,True,,,,,,,,,,0.0
Clackamas,514,51,,2152,3185,40.32,-9.68,,,,,,False,no contested two-party House race,,,,,,,,,
Clackamas,515,18,Dow,481,945,33.73,-16.27,363,994,26.75,-23.25,-6.98,True,,9,Ashland,389,975,28.52,-42.96,-5.21,,4.8
Clackamas,516,51,,848,1188,41.65,-8.35,,,,,,False,no contested two-party House race,,,,,,,,,
Clackamas,517,18,Dow,572,1453,28.25,-21.75,480,1436,25.05,-24.95,-3.2,True,,9,Ashland,499,1428,25.9,-48.2,-2.35,,5.4
Clackamas,518,51,,719,1483,32.65,-17.35,,,,,,False,no contested two-party House race,,,,,,,,,
Clackamas,600,40,Hartman,2758,1958,58.48,8.48,2673,1880,58.71,8.71,0.23,True,,,,,,,,,,3.5
Clackamas,602,40,Hartman,1972,1740,53.12,3.12,1909,1683,53.15,3.15,0.03,True,,,,,,,,,,3.2
Clackamas,604,40,Hartman,3242,3099,51.13,1.13,3038,3069,49.75,-0.25,-1.38,True,,,,,,,,,,3.7
Clackamas,606,40,Hartman,1168,1004,53.78,3.78,1167,954,55.02,5.02,1.24,True,,,,,,,,,,2.3
Clackamas,608,40,Hartman,1437,1319,52.14,2.14,1337,1277,51.15,1.15,-0.99,True,,,,,,,,,,5.2
Clackamas,614,40,Hartman,1274,945,57.41,7.41,1247,893,58.27,8.27,0.86,True,,,,,,,,,,3.6
Clackamas,616,40,Hartman,2092,1470,58.73,8.73,2049,1383,59.7,9.7,0.97,True,,,,,,,,,,3.6
Clackamas,618,40,Hartman,347,196,63.9,13.9,326,207,61.16,11.16,-2.74,True,,,,,,,,,,1.8
Clackamas,620,40,Hartman,150,106,58.59,8.59,137,111,55.24,5.24,-3.35,True,,,,,,,,,,3.1
Clackamas,622,41,Gamba,1632,634,72.02,22.02,1541,620,71.31,21.31,-0.71,True,,,,,,,,,,4.6
Clackamas,626,41,Gamba,3062,935,76.61,26.61,2937,914,76.27,26.27,-0.34,True,,,,,,,,,,3.7
Clackamas,628,39,Dobson,546,325,62.69,12.69,525,330,61.4,11.4,-1.29,True,,,,,,,,,,1.8
Clackamas,630,41,Gamba,3690,1439,71.94,21.94,3481,1423,70.98,20.98,-0.96,True,,,,,,,,,,4.4
Marion,310,21,Appleton,2217.0,1051.0,67.84,17.84,2112.0,1135.0,65.04,15.04,-2.8,True,,,,,,,,,,0.6
Marion,311,19,Andersen,201.0,49.0,80.4,30.4,187.0,63.0,74.8,24.8,-5.6,True,,,,,,,,,,0.0
Marion,312,22,Munoz,218.0,115.0,65.47,15.47,211.0,124.0,62.99,12.99,-2.48,True,,,,,,,,,,-0.6
Marion,313,20,Evans,0.0,0.0,,,0.0,0.0,,,,False,too few votes (House n=0),,,,,,,,,
Marion,314,21,Appleton,1900.0,840.0,69.34,19.34,1769.0,943.0,65.23,15.23,-4.11,True,,,,,,,,,,1.0
Marion,320,21,Appleton,232.0,186.0,55.5,5.5,218.0,192.0,53.17,3.17,-2.33,True,,,,,,,,,,1.9
Marion,321,19,Andersen,907.0,445.0,67.09,17.09,889.0,446.0,66.59,16.59,-0.5,True,,,,,,,,,,1.3
Marion,322,19,Andersen,1104.0,860.0,56.21,6.21,1025.0,862.0,54.32,4.32,-1.89,True,,,,,,,,,,3.9
Marion,323,19,Andersen,2214.0,836.0,72.59,22.59,2095.0,911.0,69.69,19.69,-2.9,True,,,,,,,,,,1.4
Marion,324,17,Beem,55.0,28.0,66.27,16.27,46.0,25.0,64.79,14.79,-1.48,True,,9,Ashland,48,25,65.75,31.5,-0.52,,14.5
Marion,325,17,Beem,0.0,0.0,,,0.0,0.0,,,,False,too few votes (House n=0),9,Ashland,0,0,,,,too few votes for a reliable comparison (Senate n=0),
Marion,326,20,Evans,246.0,97.0,71.72,21.72,236.0,95.0,71.3,21.3,-0.42,True,,,,,,,,,,3.5
Marion,330,20,Evans,640.0,426.0,60.04,10.04,643.0,387.0,62.43,12.43,2.39,True,,,,,,,,,,3.4
Marion,331,19,Andersen,1593.0,1235.0,56.33,6.33,1452.0,1320.0,52.38,2.38,-3.95,True,,,,,,,,,,2.0
Marion,332,19,Andersen,3113.0,1991.0,60.99,10.99,2866.0,2168.0,56.93,6.93,-4.06,True,,,,,,,,,,1.4
Marion,333,17,Beem,497.0,585.0,45.93,-4.07,442.0,589.0,42.87,-7.13,-3.06,True,,9,Ashland,448,581,43.54,-12.92,-2.39,,4.7
Marion,340,19,Andersen,2139.0,1834.0,53.84,3.84,1895.0,1998.0,48.68,-1.32,-5.16,True,,,,,,,,,,2.0
Marion,341,19,Andersen,754.0,547.0,57.96,7.96,666.0,605.0,52.4,2.4,-5.56,True,,,,,,,,,,2.3
Marion,342,19,Andersen,3064.0,2542.0,54.66,4.66,2761.0,2795.0,49.69,-0.31,-4.97,True,,,,,,,,,,0.9
Marion,343,17,Beem,488.0,379.0,56.29,6.29,387.0,445.0,46.51,-3.49,-9.78,True,,9,Ashland,403,445,47.52,-4.96,-8.77,,4.0
Marion,350,22,Munoz,1478.0,1297.0,53.26,3.26,1474.0,1263.0,53.85,3.85,0.59,True,,,,,,,,,,1.4
Marion,351,17,Beem,500.0,432.0,53.65,3.65,390.0,486.0,44.52,-5.48,-9.13,True,,9,Ashland,415,463,47.27,-5.46,-6.38,,6.0
Marion,352,22,Munoz,1033.0,990.0,51.06,1.06,969.0,959.0,50.26,0.26,-0.8,True,,,,,,,,,,4.7
Marion,353,17,Beem,58.0,62.0,48.33,-1.67,50.0,64.0,43.86,-6.14,-4.47,True,,9,Ashland,56,60,48.28,-3.44,-0.05,,5.0
Marion,354,21,Appleton,383.0,279.0,57.85,7.85,355.0,306.0,53.71,3.71,-4.14,True,,,,,,,,,,0.2
Marion,355,21,Appleton,15.0,32.0,31.91,-18.09,22.0,28.0,44.0,,,False,too few votes (House n=50),,,,,,,,,-6.4
Marion,361,22,Munoz,1032.0,771.0,57.24,7.24,973.0,786.0,55.32,5.32,-1.92,True,,,,,,,,,,2.4
Marion,362,21,Appleton,1086.0,721.0,60.1,10.1,999.0,769.0,56.5,6.5,-3.6,True,,,,,,,,,,2.2
Marion,363,17,Beem,1551.0,1359.0,53.3,3.3,1314.0,1450.0,47.54,-2.46,-5.76,True,,9,Ashland,1354,1396,49.24,-1.52,-4.06,,5.0
Marion,370,20,Evans,2799.0,1396.0,66.72,16.72,2627.0,1489.0,63.82,13.82,-2.9,True,,,,,,,,,,1.9
Marion,371,20,Evans,2424.0,1630.0,59.79,9.79,2411.0,1618.0,59.84,9.84,0.05,True,,,,,,,,,,0.6
Marion,372,19,Andersen,2052.0,1569.0,56.67,6.67,1900.0,1668.0,53.25,3.25,-3.42,True,,,,,,,,,,1.5
Marion,401,21,Appleton,1047.0,1214.0,46.31,-3.69,866.0,1366.0,38.8,-11.2,-7.51,True,,,,,,,,,,1.3
Marion,402,21,Appleton,1870.0,2070.0,47.46,-2.54,1588.0,2315.0,40.69,-9.31,-6.77,True,,,,,,,,,,0.9
Marion,403,21,Appleton,1614.0,1921.0,45.66,-4.34,1366.0,2136.0,39.01,-10.99,-6.65,True,,,,,,,,,,0.9
Marion,404,21,Appleton,1407.0,1615.0,46.56,-3.44,1265.0,1747.0,42.0,-8.0,-4.56,True,,,,,,,,,,0.3
Marion,405,21,Appleton,2206.0,2308.0,48.87,-1.13,2007.0,2409.0,45.45,-4.55,-3.42,True,,,,,,,,,,2.2
Marion,406,21,Appleton,378.0,465.0,44.84,-5.16,350.0,481.0,42.12,-7.88,-2.72,True,,,,,,,,,,1.4
Marion,505,18,Dow,90.0,180.0,33.33,-16.67,67.0,192.0,25.87,-24.13,-7.46,True,,9,Ashland,74,189,28.14,-43.72,-5.19,,4.1
Marion,515,18,Dow,220.0,346.0,38.87,-11.13,194.0,353.0,35.47,-14.53,-3.4,True,,9,Ashland,197,349,36.08,-27.84,-2.79,,3.4
Marion,525,18,Dow,334.0,372.0,47.31,-2.69,282.0,415.0,40.46,-9.54,-6.85,True,,9,Ashland,272,422,39.19,-21.62,-8.12,,1.3
Marion,535,18,Dow,542.0,787.0,40.78,-9.22,486.0,814.0,37.38,-12.62,-3.4,True,,9,Ashland,483,816,37.18,-25.64,-3.6,,2.2
Marion,545,22,Munoz,444.0,412.0,51.87,1.87,424.0,435.0,49.36,-0.64,-2.51,True,,,,,,,,,,-0.4
Marion,555,18,Dow,637.0,1004.0,38.82,-11.18,553.0,1118.0,33.09,-16.91,-5.73,True,,9,Ashland,568,1100,34.05,-31.9,-4.77,,-1.8
Marion,577,22,Munoz,150.0,305.0,32.97,-17.03,127.0,324.0,28.16,-21.84,-4.81,True,,,,,,,,,,0.9
Marion,579,18,Dow,51.0,98.0,34.23,-15.77,40.0,108.0,27.03,-22.97,-7.2,True,,9,Ashland,40,108,27.03,-45.94,-7.2,,0.7
Marion,580,18,Dow,228.0,549.0,29.34,-20.66,169.0,607.0,21.78,-28.22,-7.56,True,,9,Ashland,171,607,21.98,-56.04,-7.36,,0.1
Marion,581,18,Dow,724.0,1382.0,34.38,-15.62,627.0,1422.0,30.6,-19.4,-3.78,True,,9,Ashland,617,1405,30.51,-38.98,-3.87,,2.7
Marion,582,22,Munoz,304.0,666.0,31.34,-18.66,250.0,722.0,25.72,-24.28,-5.62,True,,,,,,,,,,-0.2
Marion,583,18,Dow,265.0,757.0,25.93,-24.07,198.0,810.0,19.64,-30.36,-6.29,True,,9,Ashland,213,807,20.88,-58.24,-5.05,,1.4
Marion,584,22,Munoz,6.0,10.0,37.5,-12.5,5.0,12.0,29.41,,,False,too few votes (House n=17),,,,,,,,,-6.2
Marion,586,18,Dow,86.0,230.0,27.22,-22.78,73.0,235.0,23.7,-26.3,-3.52,True,,9,Ashland,69,238,22.48,-55.04,-4.74,,2.5
Marion,587,18,Dow,12.0,59.0,16.9,-33.1,6.0,71.0,7.79,-42.21,-9.11,True,,9,Ashland,7,70,9.09,-81.82,-7.81,,-8.5
Marion,588,22,Munoz,3.0,10.0,23.08,-26.92,4.0,12.0,25.0,,,False,too few votes (House n=16),,,,,,,,,-23.1
Marion,589,21,Appleton,14.0,18.0,43.75,-6.25,15.0,16.0,48.39,,,False,too few votes (House n=31),,,,,,,,,3.1
Marion,590,18,Dow,171.0,573.0,22.98,-27.02,134.0,606.0,18.11,-31.89,-4.87,True,,9,Ashland,139,596,18.91,-62.18,-4.07,,0.5
Marion,591,18,Dow,162.0,333.0,32.73,-17.27,152.0,349.0,30.34,-19.66,-2.39,True,,9,Ashland,151,350,30.14,-39.72,-2.59,,-1.2
Marion,592,21,Appleton,34.0,88.0,27.87,-22.13,30.0,85.0,26.09,-23.91,-1.78,True,,,,,,,,,,5.7
Marion,593,22,Munoz,15.0,27.0,35.71,-14.29,12.0,28.0,30.0,,,False,too few votes (House n=40),,,,,,,,,4.8
Marion,594,22,Munoz,86.0,126.0,40.57,-9.43,75.0,125.0,37.5,-12.5,-3.07,True,,,,,,,,,,5.7
Marion,615,18,Dow,57.0,163.0,25.91,-24.09,45.0,172.0,20.74,-29.26,-5.17,True,,9,Ashland,47,166,22.07,-55.86,-3.84,,1.4
Marion,625,18,Dow,1107.0,1150.0,49.05,-0.95,941.0,1333.0,41.38,-8.62,-7.67,True,,9,Ashland,992,1259,44.07,-11.86,-4.98,,-0.8
Marion,635,18,Dow,1812.0,1539.0,54.07,4.07,1479.0,1885.0,43.97,-6.03,-10.1,True,,9,Ashland,1556,1750,47.07,-5.86,-7.0,,-0.4
Marion,645,17,Beem,645.0,1322.0,32.79,-17.21,479.0,1456.0,24.75,-25.25,-8.04,True,,9,Ashland,498,1434,25.78,-48.44,-7.01,,1.6
Marion,655,17,Beem,1316.0,2609.0,33.53,-16.47,1037.0,2808.0,26.97,-23.03,-6.56,True,,9,Ashland,1114,2759,28.76,-42.48,-4.77,,2.0
Marion,673,21,Appleton,943.0,974.0,49.19,-0.81,860.0,996.0,46.34,-3.66,-2.85,True,,,,,,,,,,3.2
Marion,674,17,Beem,253.0,786.0,24.35,-25.65,219.0,822.0,21.04,-28.96,-3.31,True,,9,Ashland,218,822,20.96,-58.08,-3.39,,-0.2
Marion,676,18,Dow,171.0,219.0,43.85,-6.15,123.0,267.0,31.54,-18.46,-12.31,True,,9,Ashland,137,246,35.77,-28.46,-8.08,,0.0
Marion,677,17,Beem,107.0,163.0,39.63,-10.37,79.0,186.0,29.81,-20.19,-9.82,True,,9,Ashland,88,180,32.84,-34.32,-6.79,,1.9
Marion,678,17,Beem,93.0,151.0,38.11,-11.89,86.0,150.0,36.44,-13.56,-1.67,True,,9,Ashland,86,150,36.44,-27.12,-1.67,,3.3
Marion,679,17,Beem,262.0,803.0,24.6,-25.4,187.0,869.0,17.71,-32.29,-6.89,True,,9,Ashland,211,857,19.76,-60.48,-4.84,,0.8
Marion,680,17,Beem,77.0,176.0,30.43,-19.57,58.0,196.0,22.83,-27.17,-7.6,True,,9,Ashland,58,202,22.31,-55.38,-8.12,,-0.4
Marion,681,18,Dow,588.0,1097.0,34.9,-15.1,448.0,1251.0,26.37,-23.63,-8.53,True,,9,Ashland,484,1192,28.88,-42.24,-6.02,,-0.8
Marion,682,17,Beem,998.0,1676.0,37.32,-12.68,775.0,1822.0,29.84,-20.16,-7.48,True,,9,Ashland,802,1819,30.6,-38.8,-6.72,,2.9
Marion,683,18,Dow,275.0,803.0,25.51,-24.49,215.0,886.0,19.53,-30.47,-5.98,True,,9,Ashland,218,871,20.02,-59.96,-5.49,,-2.1
Marion,684,18,Dow,114.0,271.0,29.61,-20.39,93.0,299.0,23.72,-26.28,-5.89,True,,9,Ashland,104,284,26.8,-46.4,-2.81,,-1.8
Marion,686,17,Beem,41.0,96.0,29.93,-20.07,32.0,111.0,22.38,-27.62,-7.55,True,,9,Ashland,34,108,23.94,-52.12,-5.99,,-4.4
Marion,687,17,Beem,40.0,64.0,38.46,-11.54,26.0,74.0,26.0,-24.0,-12.46,True,,9,Ashland,28,69,28.87,-42.26,-9.59,,3.8
Marion,688,17,Beem,173.0,333.0,34.19,-15.81,132.0,364.0,26.61,-23.39,-7.58,True,,9,Ashland,142,360,28.29,-43.42,-5.9,,2.0
Marion,689,17,Beem,2.0,10.0,16.67,-33.33,2.0,10.0,16.67,,,False,too few votes (House n=12),9,Ashland,1,11,,,,too few votes for a reliable comparison (Senate n=12),0.0
Marion,690,22,Munoz,1479.0,1355.0,52.19,2.19,1415.0,1341.0,51.34,1.34,-0.85,True,,,,,,,,,,2.8
Marion,691,17,Beem,1810.0,1882.0,49.02,-0.98,1517.0,1999.0,43.15,-6.85,-5.87,True,,9,Ashland,1568,1952,44.55,-10.9,-4.47,,4.8
Marion,692,17,Beem,12.0,36.0,25.0,-25.0,12.0,36.0,25.0,,,False,too few votes (House n=48),9,Ashland,11,37,,,,too few votes for a reliable comparison (Senate n=48),0.0
Marion,694,17,Beem,3.0,0.0,100.0,50.0,3.0,0.0,100.0,,,False,too few votes (House n=3),9,Ashland,3,0,,,,too few votes for a reliable comparison (Senate n=3),0.0
Marion,696,17,Beem,39.0,56.0,41.05,-8.95,29.0,61.0,32.22,-17.78,-8.83,True,,9,Ashland,31,56,35.63,-28.74,-5.42,,5.3
Marion,697,19,Andersen,1672.0,1648.0,50.36,0.36,1548.0,1673.0,48.06,-1.94,-2.3,True,,,,,,,,,,3.0
Marion,698,18,Dow,288.0,547.0,34.49,-15.51,222.0,606.0,26.81,-23.19,-7.68,True,,9,Ashland,239,578,29.25,-41.5,-5.24,,0.8
Marion,699,22,Munoz,0.0,0.0,,,0.0,0.0,,,,False,too few votes (House n=0),,,,,,,,,
Marion,705,17,Beem,511.0,1077.0,32.18,-17.82,386.0,1161.0,24.95,-25.05,-7.23,True,,9,Ashland,409,1140,26.4,-47.2,-5.78,,2.6
Marion,715,17,Beem,568.0,1330.0,29.93,-20.07,479.0,1354.0,26.13,-23.87,-3.8,True,,9,Ashland,490,1327,26.97,-46.06,-2.96,,3.4
Marion,725,11,,546.0,1013.0,35.02,-14.98,,,,,,False,no contested two-party House race,,,,,,,,,
Marion,779,15,Virnig,521.0,685.0,43.2,-6.8,420.0,752.0,35.84,-14.16,-7.36,True,,,,,,,,,,2.8
Marion,780,20,Evans,556.0,550.0,50.27,0.27,504.0,574.0,46.75,-3.25,-3.52,True,,,,,,,,,,2.5
Marion,781,17,Beem,243.0,267.0,47.65,-2.35,196.0,293.0,40.08,-9.92,-7.57,True,,9,Ashland,202,289,41.14,-17.72,-6.51,,4.1
Marion,782,15,Virnig,53.0,34.0,60.92,10.92,47.0,42.0,52.81,2.81,-8.11,True,,,,,,,,,,-2.3
Marion,783,17,Beem,192.0,310.0,38.25,-11.75,143.0,346.0,29.24,-20.76,-9.01,True,,9,Ashland,152,338,31.02,-37.96,-7.23,,2.6
Marion,784,20,Evans,81.0,93.0,46.55,-3.45,82.0,100.0,45.05,-4.95,-1.5,True,,,,,,,,,,-4.6
Marion,786,17,Beem,38.0,176.0,17.76,-32.24,26.0,187.0,12.21,-37.79,-5.55,True,,9,Ashland,32,181,15.02,-69.96,-2.74,,0.5
Marion,787,17,Beem,489.0,1016.0,32.49,-17.51,374.0,1095.0,25.46,-24.54,-7.03,True,,9,Ashland,392,1092,26.42,-47.16,-6.07,,2.4
Marion,788,15,Virnig,459.0,971.0,32.1,-17.9,349.0,1041.0,25.11,-24.89,-6.99,True,,,,,,,,,,2.8
Marion,789,17,Beem,825.0,1677.0,32.97,-17.03,629.0,1825.0,25.63,-24.37,-7.34,True,,9,Ashland,667,1786,27.19,-45.62,-5.78,,1.9
Marion,790,17,Beem,55.0,220.0,20.0,-30.0,46.0,222.0,17.16,-32.84,-2.84,True,,9,Ashland,40,228,14.93,-70.14,-5.07,,2.5
Marion,791,11,,265.0,657.0,28.74,-21.26,,,,,,False,no contested two-party House race,,,,,,,,,
Marion,792,19,Andersen,14.0,21.0,40.0,-10.0,12.0,25.0,32.43,,,False,too few votes (House n=37),,,,,,,,,-5.7
Marion,815,22,Munoz,606.0,561.0,51.93,1.93,569.0,594.0,48.93,-1.07,-3.0,True,,,,,,,,,,0.3
Marion,825,22,Munoz,572.0,402.0,58.73,8.73,554.0,421.0,56.82,6.82,-1.91,True,,,,,,,,,,-0.1
Marion,835,22,Munoz,704.0,545.0,56.37,6.37,651.0,603.0,51.91,1.91,-4.46,True,,,,,,,,,,-0.4
Marion,837,18,Dow,0.0,0.0,,,0.0,0.0,,,,False,too few votes (House n=0),9,Ashland,0,0,,,,too few votes for a reliable comparison (Senate n=0),
Marion,845,22,Munoz,1179.0,986.0,54.46,4.46,1056.0,1049.0,50.17,0.17,-4.29,True,,,,,,,,,,2.8
Marion,855,22,Munoz,1278.0,1019.0,55.64,5.64,1207.0,1078.0,52.82,2.82,-2.82,True,,,,,,,,,,0.5
Marion,865,22,Munoz,509.0,434.0,53.98,3.98,504.0,443.0,53.22,3.22,-0.76,True,,,,,,,,,,-0.4
Marion,905,17,Beem,35.0,116.0,23.18,-26.82,25.0,119.0,17.36,-32.64,-5.82,True,,9,Ashland,25,124,16.78,-66.44,-6.4,,4.6
Marion,915,17,Beem,60.0,169.0,26.2,-23.8,47.0,175.0,21.17,-28.83,-5.03,True,,9,Ashland,49,174,21.97,-56.06,-4.23,,3.1
Marion,925,17,Beem,42.0,114.0,26.92,-23.08,33.0,120.0,21.57,-28.43,-5.35,True,,9,Ashland,33,120,21.57,-56.86,-5.35,,1.9
Marion,935,17,Beem,10.0,31.0,24.39,-25.61,11.0,32.0,25.58,,,False,too few votes (House n=43),9,Ashland,11,32,,,,too few votes for a reliable comparison (Senate n=43),-4.9
Marion,981,17,Beem,89.0,177.0,33.46,-16.54,76.0,191.0,28.46,-21.54,-5.0,True,,9,Ashland,70,200,25.93,-48.14,-7.53,,-0.4
Marion,982,57,,0.0,0.0,,,,,,,,False,no contested two-party House race,9,Ashland,0,0,,,,too few votes for a reliable comparison (Senate n=0),
Marion,983,57,,0.0,0.0,,,,,,,,False,no contested two-party House race,9,Ashland,0,0,,,,too few votes for a reliable comparison (Senate n=0),
Marion,716,,,,,,,,,,,,False,no contested two-party House race,,,,,,,,,
Yamhill,01,26,Neron,391.0,453.0,46.33,-7.34,364.0,470.0,43.65,-12.7,-2.68,True,,,,,,,,,,1.2
Yamhill,02,23,Wright,2028.0,2003.0,50.31,0.62,1850.0,2136.0,46.41,-7.18,-3.9,True,,12,Hooper,1490,2020,42.45,-15.1,-7.86,,1.1
Yamhill,03,23,Wright,2384.0,2499.0,48.82,-2.36,2039.0,2763.0,42.46,-15.08,-6.36,True,,12,Hooper,1751,2560,40.62,-18.76,-8.2,,1.7
Yamhill,04,23,Wright,1716.0,1632.0,51.25,2.5,1538.0,1816.0,45.86,-8.28,-5.39,True,,12,Hooper,1252,1726,42.04,-15.92,-9.21,,-0.2
Yamhill,05,23,Wright,541.0,594.0,47.67,-4.66,461.0,678.0,40.47,-19.06,-7.2,True,,12,Hooper,420,662,38.82,-22.36,-8.85,,-0.4
Yamhill,07,23,Wright,1652.0,2026.0,44.92,-10.16,1411.0,2201.0,39.06,-21.88,-5.86,True,,12,Hooper,1205,2115,36.3,-27.4,-8.62,,1.8
Yamhill,09,24,Pool,826.0,934.0,46.93,-6.14,682.0,1053.0,39.31,-21.38,-7.62,True,,12,Hooper,615,990,38.32,-23.36,-8.61,,1.4
Yamhill,10,23,Wright,1051.0,1420.0,42.53,-14.94,936.0,1484.0,38.68,-22.64,-3.85,True,,12,Hooper,769,1343,36.41,-27.18,-6.12,,2.1
Yamhill,11,31,Gutierrez,0.0,17.0,0.0,-100.0,1.0,15.0,6.25,-87.5,6.25,True,,,,,,,,,,5.9
Yamhill,12,23,Wright,489.0,862.0,36.2,-27.6,417.0,922.0,31.14,-37.72,-5.06,True,,12,Hooper,372,858,30.24,-39.52,-5.96,,0.9
Yamhill,13,24,Pool,1038.0,2076.0,33.33,-33.34,907.0,2156.0,29.61,-40.78,-3.72,True,,12,Hooper,795,2035,28.09,-43.82,-5.24,,1.6
Yamhill,14,24,Pool,1234.0,1168.0,51.37,2.74,1084.0,1290.0,45.66,-8.68,-5.71,True,,12,Hooper,913,1134,44.6,-10.8,-6.77,,1.2
Yamhill,15,24,Pool,1163.0,1047.0,52.62,5.24,1022.0,1125.0,47.6,-4.8,-5.02,True,,12,Hooper,872,983,47.01,-5.98,-5.61,,2.9
Yamhill,16,24,Pool,1096.0,973.0,52.97,5.94,950.0,1056.0,47.36,-5.28,-5.61,True,,12,Hooper,808,912,46.98,-6.04,-5.99,,3.0
Yamhill,17,24,Pool,1519.0,1187.0,56.13,12.26,1333.0,1328.0,50.09,0.18,-6.04,True,,12,Hooper,1172,1165,50.15,0.3,-5.98,,1.7
Yamhill,18,24,Pool,2465.0,1785.0,58.0,16.0,2009.0,2173.0,48.04,-3.92,-9.96,True,,12,Hooper,1872,1855,50.23,0.46,-7.77,,1.6
Yamhill,19,24,Pool,1731.0,1187.0,59.32,18.64,1506.0,1329.0,53.12,6.24,-6.2,True,,12,Hooper,1301,1120,53.74,7.48,-5.58,,2.8
Yamhill,21,24,Pool,847.0,1220.0,40.98,-18.04,715.0,1308.0,35.34,-29.32,-5.64,True,,12,Hooper,657,1185,35.67,-28.66,-5.31,,2.1
Yamhill,22,24,Pool,1186.0,1700.0,41.09,-17.82,1057.0,1779.0,37.27,-25.46,-3.82,True,,12,Hooper,843,1637,33.99,-32.02,-7.1,,1.7
Yamhill,23,24,Pool,871.0,1163.0,42.82,-14.36,694.0,1299.0,34.82,-30.36,-8.0,True,,12,Hooper,678,1195,36.2,-27.6,-6.62,,2.0
Yamhill,24,24,Pool,536.0,1088.0,33.0,-34.0,467.0,1135.0,29.15,-41.7,-3.85,True,,12,Hooper,393,1031,27.6,-44.8,-5.4,,1.4
Yamhill,26,24,Pool,746.0,1362.0,35.39,-29.22,661.0,1386.0,32.29,-35.42,-3.1,True,,12,Hooper,523,1247,29.55,-40.9,-5.84,,2.9
Yamhill,28,24,Pool,501.0,1140.0,30.53,-38.94,451.0,1178.0,27.69,-44.62,-2.84,True,,12,Hooper,365,1079,25.28,-49.44,-5.25,,0.7
Polk,102,23,Wright,446.0,861.0,34.12,-31.76,378.0,944.0,28.59,-42.82,-5.53,True,,12,Hooper,334.0,888.0,27.33,-45.34,-6.79,,-1.1
Polk,106,24,Pool,328.0,729.0,31.03,-37.94,276.0,751.0,26.87,-46.26,-4.16,True,,12,Hooper,258.0,698.0,26.99,-46.02,-4.04,,2.8
Polk,110,24,Pool,249.0,437.0,36.3,-27.4,219.0,452.0,32.64,-34.72,-3.66,True,,12,Hooper,183.0,400.0,31.39,-37.22,-4.91,,2.2
Polk,118,23,Wright,1245.0,1706.0,42.19,-15.62,1055.0,1885.0,35.88,-28.24,-6.31,True,,12,Hooper,974.0,1774.0,35.44,-29.12,-6.75,,0.4
Polk,122,20,Evans,543.0,615.0,46.89,-6.22,522.0,623.0,45.59,-8.82,-1.3,True,,,,,,,,,,1.1
Polk,134,20,Evans,2577.0,2176.0,54.22,8.44,2560.0,2113.0,54.78,9.56,0.56,True,,,,,,,,,,1.7
Polk,136,20,Evans,1968.0,1552.0,55.91,11.82,1930.0,1563.0,55.25,10.5,-0.66,True,,,,,,,,,,0.8
Polk,140,20,Evans,1885.0,1337.0,58.5,17.0,1867.0,1291.0,59.12,18.24,0.62,True,,,,,,,,,,2.0
Polk,146,20,Evans,2259.0,1577.0,58.89,17.78,2258.0,1557.0,59.19,18.38,0.3,True,,,,,,,,,,0.5
Polk,152,23,Wright,1357.0,2829.0,32.42,-35.16,1140.0,3009.0,27.48,-45.04,-4.94,True,,12,Hooper,1042.0,2799.0,27.13,-45.74,-5.29,,0.9
Polk,154,23,Wright,1805.0,2654.0,40.48,-19.04,1568.0,2828.0,35.67,-28.66,-4.81,True,,12,Hooper,1362.0,2569.0,34.65,-30.7,-5.83,,1.4
Polk,156,23,Wright,1056.0,1441.0,42.29,-15.42,950.0,1537.0,38.2,-23.6,-4.09,True,,12,Hooper,823.0,1379.0,37.38,-25.24,-4.91,,0.4
Polk,162,23,Wright,1089.0,1708.0,38.93,-22.14,933.0,1846.0,33.57,-32.86,-5.36,True,,12,Hooper,834.0,1707.0,32.82,-34.36,-6.11,,0.6
Polk,166,23,Wright,281.0,434.0,39.3,-21.4,253.0,443.0,36.35,-27.3,-2.95,True,,12,Hooper,201.0,393.0,33.84,-32.32,-5.46,,2.7
Polk,178,20,Evans,2512.0,1825.0,57.92,15.84,2572.0,1769.0,59.25,18.5,1.33,True,,,,,,,,,,-0.1
Polk,182,20,Evans,2434.0,1887.0,56.33,12.66,2509.0,1759.0,58.79,17.58,2.46,True,,,,,,,,,,1.2
Benton,03,16,McDonald (unopp.),2535.0,612.0,80.55,61.1,,,,,,False,unopposed Democrat (no two-party House race),,,,,,,,,
Benton,10,10,Gomberg (unopp.),1891.0,1114.0,62.93,25.86,,,,,,False,unopposed Democrat (no two-party House race),5,Beaudreau,1702.0,1302.0,56.66,13.32,-6.27,,
Benton,11,15,Virnig,3164.0,2606.0,54.84,9.68,2664.0,3156.0,45.77,-8.46,-9.07,True,,,,,,,,,,-0.9
Benton,02,16,McDonald (unopp.),1272.0,265.0,82.76,65.52,,,,,,False,unopposed Democrat (no two-party House race),,,,,,,,,
Benton,05,16,McDonald (unopp.),1638.0,243.0,87.08,74.16,,,,,,False,unopposed Democrat (no two-party House race),,,,,,,,,
Benton,14,10,Gomberg (unopp.),224.0,365.0,38.03,-23.94,,,,,,False,unopposed Democrat (no two-party House race),5,Beaudreau,211.0,389.0,35.17,-29.66,-2.86,,
Benton,19,10,Gomberg (unopp.),660.0,502.0,56.8,13.6,,,,,,False,unopposed Democrat (no two-party House race),5,Beaudreau,575.0,571.0,50.17,0.34,-6.63,,
Benton,17,15,Virnig,31.0,13.0,70.45,40.9,28.0,18.0,60.87,,,False,too few votes for a reliable comparison (House n=46),,,,,,,,,-4.5
Benton,21,10,Gomberg (unopp.),270.0,464.0,36.78,-26.44,,,,,,False,unopposed Democrat (no two-party House race),5,Beaudreau,234.0,498.0,31.97,-36.06,-4.81,,
Benton,09,16,McDonald (unopp.),2321.0,764.0,75.24,50.48,,,,,,False,unopposed Democrat (no two-party House race),,,,,,,,,
Benton,04,16,McDonald (unopp.),833.0,128.0,86.68,73.36,,,,,,False,unopposed Democrat (no two-party House race),,,,,,,,,
Benton,15,10,Gomberg (unopp.),1443.0,1284.0,52.92,5.84,,,,,,False,unopposed Democrat (no two-party House race),5,Beaudreau,1246.0,1483.0,45.66,-8.68,-7.26,,
Benton,12,16,McDonald (unopp.),463.0,272.0,62.99,25.98,,,,,,False,unopposed Democrat (no two-party House race),,,,,,,,,
Benton,16,16,McDonald (unopp.),3593.0,1569.0,69.6,39.2,,,,,,False,unopposed Democrat (no two-party House race),,,,,,,,,
Benton,20,10,Gomberg (unopp.),305.0,526.0,36.7,-26.6,,,,,,False,unopposed Democrat (no two-party House race),5,Beaudreau,274.0,565.0,32.66,-34.68,-4.04,,
Benton,13,10,Gomberg (unopp.),149.0,208.0,41.74,-16.52,,,,,,False,unopposed Democrat (no two-party House race),5,Beaudreau,143.0,218.0,39.61,-20.78,-2.13,,
Benton,07,16,McDonald (unopp.),3003.0,422.0,87.68,75.36,,,,,,False,unopposed Democrat (no two-party House race),,,,,,,,,
Benton,18,16,McDonald (unopp.),649.0,786.0,45.23,-9.54,,,,,,False,unopposed Democrat (no two-party House race),,,,,,,,,
Benton,06,16,McDonald (unopp.),2406.0,483.0,83.28,66.56,,,,,,False,unopposed Democrat (no two-party House race),,,,,,,,,
Benton,01,16,McDonald (unopp.),3307.0,835.0,79.84,59.68,,,,,,False,unopposed Democrat (no two-party House race),,,,,,,,,
Benton,08,16,McDonald (unopp.),3752.0,726.0,83.79,67.58,,,,,,False,unopposed Democrat (no two-party House race),,,,,,,,,
